-- Reponse de l'IA

use esn;

-- Departement

INSERT INTO Departement (nom_departement) VALUES
('R&D Logiciels'),
('Infrastructure & Cloud'),
('Conseil & Stratégie IT'),
('Support Technique'),
('Ressources Humaines'),
('Commercial & Marketing'),
('Direction Générale');

-- Employe

ALTER TABLE Employe AUTO_INCREMENT = 100;

INSERT INTO Employe (id_departement, id_manager, nom, prenom, email, date_embauche, salaire, commission, job) VALUES
(7, NULL, 'Dupont', 'Jean', 'jean.dupont@esn.com', '2021-01-15', 6500.00, 500.00, 'CEO'), 
(7, 100, 'Petit', 'Marie', 'marie.petit@esn.com', '2021-03-20', 5800.00, 0.00, 'Directrice Adjointe'),
(1, 101, 'Bernard', 'Paul', 'paul.bernard@esn.com', '2021-05-10', 5500.00, 0.00, 'Directeur R&D'),
(2, 101, 'Martin', 'Sophie', 'sophie.martin@esn.com', '2021-06-25', 5200.00, 0.00, 'Directrice Infra'),
(3, 101, 'Dubois', 'Thomas', 'thomas.dubois@esn.com', '2022-01-05', 5000.00, 0.00, 'Directeur Conseil'),
(4, 101, 'Leroy', 'Julie', 'julie.leroy@esn.com', '2022-03-15', 4800.00, 0.00, 'Directrice Support'),
(5, 101, 'Moreau', 'Lucas', 'lucas.moreau@esn.com', '2022-04-01', 4500.00, 0.00, 'Directeur RH'),
(6, 101, 'Simon', 'Clara', 'clara.simon@esn.com', '2022-06-10', 4900.00, 750.00, 'Directrice Commerciale'),
(1, 102, 'Michel', 'Antoine', 'antoine.michel@esn.com', '2022-08-01', 3500.00, 0.00, 'Développeur Senior'),
(1, 102, 'Garcia', 'Léa', 'lea.garcia@esn.com', '2022-09-01', 3800.00, 0.00, 'Développeur'),
(1, 102, 'Roux', 'Hugo', 'hugo.roux@esn.com', '2023-01-20', 3200.00, 0.00, 'Data Scientist'),
(2, 103, 'Fournier', 'Emma', 'emma.fournier@esn.com', '2023-03-01', 4000.00, 0.00, 'Architecte Cloud'),
(2, 103, 'Lefevre', 'Gabriel', 'gabriel.lefevre@esn.com', '2023-05-15', 4200.00, 0.00, 'Ingénieur DevOps'),
(2, 103, 'Lambert', 'Chloé', 'chloe.lambert@esn.com', '2023-07-01', 3900.00, 0.00, 'Administrateur Systèmes'),
(3, 104, 'Vidal', 'Nathan', 'nathan.vidal@esn.com', '2023-09-10', 4300.00, 0.00, 'Consultant Cybersécurité'),
(3, 104, 'Caron', 'Manon', 'manon.caron@esn.com', '2023-11-20', 3700.00, 0.00, 'Spécialiste ERP'),
(4, 105, 'Roy', 'Louis', 'louis.roy@esn.com', '2024-01-05', 3100.00, 0.00, 'Technicien Support N3'),
(4, 105, 'Guerin', 'Alice', 'alice.guerin@esn.com', '2024-03-01', 3300.00, 0.00, 'Technicien Support N3'),
(5, 106, 'Perrin', 'Eva', 'eva.perrin@esn.com', '2024-05-01', 3600.00, 0.00, 'Chargée de Recrutement'),
(6, 107, 'Roussel', 'Arthur', 'arthur.roussel@esn.com', '2024-07-15', 4100.00, 600.00, 'Ingénieur Commercial'),
(6, 107, 'Sanchez', 'Inès', 'ines.sanchez@esn.com', '2024-09-01', 3950.00, 550.00, 'Commerciale Sédentaire'),
(1, 102, 'Leblanc', 'Mathis', 'mathis.leblanc@esn.com', '2024-10-10', 3400.00, 0.00, 'Data Analyst'),
(1, 102, 'Henry', 'Jade', 'jade.henry@esn.com', '2024-11-05', 3600.00, 0.00, 'Développeuse FullStack'),
(1, 102, 'Richard', 'Gabin', 'gabin.richard@esn.com', '2025-01-01', 3100.00, 0.00, 'Développeur Junior'),
(1, 102, 'Durand', 'Ambre', 'ambre.durand@esn.com', '2025-03-20', 3300.00, 0.00, 'Développeuse Junior'),
(2, 103, 'Dubois', 'Eliott', 'eliott.dubois@esn.com', '2025-04-15', 4100.00, 0.00, 'Architecte Cloud'),
(2, 103, 'Riviere', 'Mia', 'mia.riviere@esn.com', '2025-05-01', 4300.00, 0.00, 'Ingénieur DevOps'),
(2, 103, 'Lebrun', 'Noah', 'noah.lebrun@esn.com', '2025-06-10', 3800.00, 0.00, 'Administrateur Réseau'),
(2, 103, 'Garnier', 'Lina', 'lina.garnier@esn.com', '2025-07-25', 4000.00, 0.00, 'Ingénieur Systèmes'),
(3, 104, 'Faure', 'Jules', 'jules.faure@esn.com', '2024-01-01', 4400.00, 0.00, 'Consultant IT Senior'),
(3, 104, 'Blanchard', 'Ines', 'ines.blanchard@esn.com', '2024-02-15', 3900.00, 0.00, 'Consultante ERP'),
(3, 104, 'Renard', 'Ethan', 'ethan.renard@esn.com', '2024-04-20', 4100.00, 0.00, 'Chef de Projet'),
(3, 104, 'Brunet', 'Zoe', 'zoe.brunet@esn.com', '2024-06-01', 3500.00, 0.00, 'Consultante Junior'),
(4, 105, 'Boyer', 'Adam', 'adam.boyer@esn.com', '2024-07-05', 3200.00, 0.00, 'Technicien Support N2'),
(4, 105, 'Chevalier', 'Sofia', 'sofia.chevalier@esn.com', '2024-08-10', 3400.00, 0.00, 'Technicienne Support N2'),
(4, 105, 'Pons', 'Théo', 'theo.pons@esn.com', '2024-09-25', 3600.00, 0.00, 'Technicien Support N3'),
(4, 105, 'Roger', 'Sarah', 'sarah.roger@esn.com', '2024-11-01', 3000.00, 0.00, 'Technicienne Support N2'),
(5, 106, 'Girard', 'Tom', 'tom.girard@esn.com', '2024-12-15', 3700.00, 0.00, 'Chargé de Formation'),
(5, 106, 'Clement', 'Julia', 'julia.clement@esn.com', '2025-02-01', 3900.00, 0.00, 'Chargée des Relations Sociales'),
(6, 107, 'Marchand', 'Axel', 'axel.marchand@esn.com', '2025-03-10', 4200.00, 650.00, 'Ingénieur Commercial'),
(6, 107, 'Masson', 'Anna', 'anna.masson@esn.com', '2025-04-05', 4000.00, 500.00, 'Commerciale Sédentaire'),
(1, 102, 'Dupuis', 'Noémie', 'noemie.dupuis@esn.com', '2025-05-10', 3500.00, 0.00, 'Développeuse Java'),
(1, 102, 'Leroux', 'Victor', 'victor.leroux@esn.com', '2025-06-01', 3700.00, 0.00, 'Data Scientist'),
(2, 103, 'Morin', 'Camille', 'camille.morin@esn.com', '2025-07-15', 4150.00, 0.00, 'Architecte Systèmes'),
(2, 103, 'Weber', 'Florent', 'florent.weber@esn.com', '2025-08-01', 4350.00, 0.00, 'Ingénieur Réseau'),
(3, 104, 'Perrot', 'Jeanne', 'jeanne.perrot@esn.com', '2024-08-20', 4000.00, 0.00, 'Consultante Cybersécurité'),
(3, 104, 'Jacquet', 'Rémi', 'remi.jacquet@esn.com', '2024-10-01', 3600.00, 0.00, 'Consultant ERP'),
(4, 105, 'Klein', 'Lola', 'lola.klein@esn.com', '2024-12-05', 3350.00, 0.00, 'Technicienne Support N3'),
(4, 105, 'Meyer', 'Félix', 'felix.meyer@esn.com', '2025-01-10', 3150.00, 0.00, 'Technicien Support N2'),
(5, 106, 'André', 'Lilou', 'lilou.andre@esn.com', '2025-03-01', 3800.00, 0.00, 'Chargée de RH'),
(6, 107, 'Leroy', 'Sacha', 'sacha.leroy@esn.com', '2025-04-20', 4300.00, 700.00, 'Ingénieur Commercial'),
(1, 102, 'Barbier', 'Maxime', 'maxime.barbier@esn.com', '2025-05-01', 3450.00, 0.00, 'Développeur'),
(1, 102, 'Julien', 'Rose', 'rose.julien@esn.com', '2025-06-15', 3650.00, 0.00, 'Data Analyst'),
(2, 103, 'Simonet', 'Léo', 'leo.simonet@esn.com', '2025-07-01', 4250.00, 0.00, 'Administrateur Cloud'),
(2, 103, 'Collet', 'Annaëlle', 'annaelle.collet@esn.com', '2025-08-10', 4450.00, 0.00, 'Ingénieur DevOps'),
(3, 104, 'Dumont', 'Yanis', 'yanis.dumont@esn.com', '2024-09-05', 4100.00, 0.00, 'Consultant IT'),
(3, 104, 'Rochet', 'Clémentine', 'clementine.rochet@esn.com', '2024-11-01', 3700.00, 0.00, 'Consultante ERP'),
(4, 105, 'Martel', 'Julien', 'julien.martel@esn.com', '2024-12-20', 3450.00, 0.00, 'Technicien Support N3'),
(4, 105, 'Denis', 'Margaux', 'margaux.denis@esn.com', '2025-02-05', 3250.00, 0.00, 'Technicienne Support N2'),
(5, 106, 'Leroux', 'Éloïse', 'eloise.leroux@esn.com', '2025-04-01', 3900.00, 0.00, 'Chargée de RH'),
(6, 107, 'Navarro', 'Mehdi', 'mehdi.navarro@esn.com', '2025-05-15', 4400.00, 750.00, 'Ingénieur Commercial'),
(1, 102, 'Lopez', 'Thibault', 'thibault.lopez@esn.com', '2025-06-01', 3550.00, 0.00, 'Développeur'),
(1, 102, 'Meyer', 'Axelle', 'axelle.meyer@esn.com', '2025-07-10', 3750.00, 0.00, 'Développeuse'),
(2, 103, 'Brun', 'Émilie', 'emilie.brun@esn.com', '2025-08-01', 4200.00, 0.00, 'Administratrice Systèmes'),
(2, 103, 'Dupuy', 'Adrien', 'adrien.dupuy@esn.com', '2025-09-05', 4400.00, 0.00, 'Ingénieur Cloud'),
(3, 104, 'Ferrand', 'Léonie', 'leonie.ferrand@esn.com', '2024-10-10', 4050.00, 0.00, 'Consultante IT'),
(3, 104, 'Guillot', 'Fabien', 'fabien.guillot@esn.com', '2024-12-01', 3650.00, 0.00, 'Consultant ERP'),
(4, 105, 'Bailly', 'Laura', 'laura.bailly@esn.com', '2025-01-01', 3400.00, 0.00, 'Technicienne Support N3'),
(4, 105, 'Leclerc', 'Pierre', 'pierre.leclerc@esn.com', '2025-03-15', 3200.00, 0.00, 'Technicien Support N2');

-- Client

INSERT INTO Client (nom_client, email_contact, telephone) VALUES
('TechCorp Solutions', 'sophie.dubois@techcorp.com', '+33710000001'),
('Global Finance Group', 'marc.lefevre@gfg.com', '+33710000002'),
('Innov Santé', 'alice.bernard@innovsante.fr', '+33710000003'),
('LogiTrans Europe', 'pierre.martin@logitrans.eu', '+33710000004'),
('Retail & Co', 'laura.petit@retailco.com', '+33710000005'),
('Energy Future', 'thomas.garcia@energyfut.fr', '+33710000006'),
('AssurPlus', 'camille.roux@assurplus.com', '+33710000007'),
('Media Zenith', 'hugo.fournier@mediazenith.com', '+33710000008'),
('AgriTech Innovation', 'emma.lambert@agritechinno.fr', '+33710000009'),
('GovServe Public', 'nathan.vidal@govserve.gouv.fr', '+33710000010'),
('ManuFacture X', 'jules.caron@manufacX.com', '+33710000011'),
('Hôtellerie Luxe', 'lea.roy@hoteluxe.com', '+33710000012'),
('EdiPub Services', 'gabriel.guerin@edipub.com', '+33710000013'),
('StartUp Green', 'chloe.perrin@startupgreen.fr', '+33710000014'),
('Chimie Pro', 'arthur.roussel@chimiepro.com', '+33710000015');

-- Qualification

INSERT INTO Qualification (nom_qualification, niveau, description_qualification) VALUES
('Développeur FullStack Java', 'Expert', 'Maîtrise complète de la stack Java/Spring'),
('Architecte Cloud AWS', 'Senior', 'Conception et déploiement sur AWS'),
('Consultant Cybersécurité', 'Confirmé', 'Audit et stratégie de sécurité'),
('Expert Support N3 Windows', 'Expert', 'Résolution des incidents complexes Windows'),
('Chef de Projet Agile', 'Senior', 'Pilotage de projets en méthode Scrum/Kanban'),
('Data Scientist Python', 'Expert', 'Modélisation prédictive avec Python'),
('Ingénieur DevOps', 'Confirmé', 'Mise en place de CI/CD et automatisation'),
('Spécialiste ERP SAP', 'Senior', 'Paramétrage et intégration SAP'),
('Responsable Recrutement IT', 'Senior', 'Stratégie et gestion des talents IT'),
('Commercial Grands Comptes', 'Expert', 'Négociation de contrats stratégiques'),
('Analyse Big Data', 'Confirmé', 'Traitement et analyse de grands volumes de données'),
('Administrateur Linux/Unix', 'Confirmé', 'Gestion et maintenance des systèmes Linux/Unix');

-- Possession_Qualification

INSERT INTO Possession_Qualification (id_employe, id_qualification, date_obtention, date_expiration) VALUES
(108, 1, '2023-01-01', NULL), 
(109, 1, '2023-03-15', '2025-03-15'),
(110, 6, '2023-05-01', NULL),
(121, 11, '2024-01-10', NULL),
(122, 1, '2024-03-01', NULL),
(111, 2, '2023-04-01', NULL), 
(112, 7, '2023-06-01', NULL),
(113, 12, '2023-07-01', NULL),
(125, 2, '2024-02-01', '2026-02-01'),
(126, 7, '2024-04-15', NULL),
(114, 3, '2023-10-01', NULL), 
(115, 8, '2024-01-01', NULL),
(129, 3, '2024-03-10', '2025-09-10'),
(130, 8, '2024-05-01', NULL),
(131, 5, '2024-04-20', NULL),
(116, 4, '2024-02-01', NULL), 
(117, 4, '2024-04-10', NULL),
(133, 4, '2024-07-05', NULL),
(134, 4, '2024-08-10', NULL),
(135, 4, '2024-09-25', NULL),
(102, 5, '2022-01-01', NULL), 
(103, 5, '2022-01-01', NULL),
(104, 5, '2022-01-01', NULL),
(105, 5, '2022-01-01', NULL),
(106, 9, '2023-01-01', NULL),
(107, 10, '2023-01-01', NULL),
(118, 9, '2024-05-01', NULL),
(137, 9, '2024-12-15', NULL),
(138, 9, '2025-02-01', NULL),
(119, 10, '2024-07-15', NULL),
(120, 10, '2024-09-01', NULL),
(139, 10, '2025-03-10', NULL),
(140, 10, '2025-04-05', NULL),
(141, 1, '2025-05-10', NULL),
(142, 6, '2025-06-01', NULL),
(143, 2, '2025-07-15', NULL),
(144, 7, '2025-08-01', NULL),
(145, 3, '2024-08-20', NULL),
(146, 8, '2024-10-01', NULL),
(147, 4, '2024-12-05', NULL),
(148, 4, '2025-01-10', NULL),
(149, 9, '2025-03-01', NULL),
(150, 10, '2025-04-20', NULL),
(151, 1, '2025-05-01', NULL), 
(152, 6, '2025-06-15', NULL),
(153, 2, '2025-07-01', NULL),
(154, 7, '2025-08-10', NULL),
(155, 3, '2024-09-05', NULL),
(156, 8, '2024-11-01', NULL),
(157, 4, '2024-12-20', NULL),
(158, 4, '2025-02-05', NULL),
(159, 9, '2025-04-01', NULL),
(160, 10, '2025-05-15', NULL);

-- Contrat 

INSERT INTO Contrat (date_signature, date_debut, date_fin, id_employe, id_client) VALUES
('2022-12-28', '2023-01-01', '2024-12-31', 107, 1),
('2023-03-10', '2023-03-15', NULL, 119, 2), -- en cours
('2023-05-25', '2023-06-01', '2023-08-30', 107, 3),
('2023-08-25', '2023-09-01', '2024-03-31', 120, 4),
('2024-01-05', '2024-01-10', '2024-07-10', 107, 5),
('2024-02-25', '2024-03-01', NULL, 119, 6), -- en cours
('2024-05-15', '2024-05-20', '2025-05-20', 120, 7),
('2024-07-25', '2024-08-01', NULL, 139, 8), -- en cours
('2024-10-10', '2024-10-15', '2025-04-15', 140, 9),
('2024-12-20', '2025-01-01', NULL, 150, 10), -- en cours
('2025-01-25', '2025-02-01', NULL, 107, 1), -- en cours
('2025-03-25', '2025-04-01', NULL, 119, 2), -- en cours
('2025-05-10', '2025-05-15', '2025-06-15', 120, 3),
('2025-06-25', '2025-07-01', NULL, 139, 4), -- en cours
('2025-07-25', '2025-08-01', NULL, 140, 5), -- en cours
('2025-08-25', '2025-09-01', NULL, 150, 6), -- en cours
('2025-09-25', '2025-10-01', NULL, 107, 7), -- en cours
('2023-11-15', '2023-11-20', '2024-02-20', 119, 11),
('2024-05-25', '2024-06-01', '2024-11-30', 120, 12),
('2024-11-25', '2024-12-01', NULL, 139, 13); -- en cours

-- Mission

INSERT INTO Mission (id_contrat, type_mission, nom_mission, date_debut, date_fin) VALUES
(1, 'EXTERNE', 'Mise en place API V2', '2023-01-15', '2023-06-30'),
(2, 'EXTERNE', 'Analyse des besoins pour trading', '2023-03-20', '2023-04-30'),
(2, 'EXTERNE', 'Développement back-end du système', '2023-05-01', NULL), -- en cours
(3, 'EXTERNE', 'Collecte et analyse de logs', '2023-06-05', '2023-07-15'),
(4, 'EXTERNE', 'Préparation environnement Cloud', '2023-09-15', '2023-11-30'),
(4, 'EXTERNE', 'Transfert des données', '2023-12-01', '2024-03-15'),
(5, 'EXTERNE', 'Ateliers de modélisation stratégique', '2024-01-20', '2024-03-30'),
(6, 'EXTERNE', 'Collecte et nettoyage de données Énergie', '2024-03-10', '2024-05-31'),
(6, 'EXTERNE', 'Développement algorithme de prédiction', '2024-06-01', NULL), -- en cours
(7, 'EXTERNE', 'Paramétrage des modules ERP', '2024-06-01', '2024-11-30'),
(7, 'EXTERNE', 'Formation utilisateurs ERP', '2024-12-01', '2025-05-15'),
(8, 'EXTERNE', 'Monitoring et astreinte infra', '2024-08-05', NULL), -- en cours
(9, 'EXTERNE', 'Accompagnement intégration CI/CD', '2024-10-20', '2025-03-30'),
(10, 'EXTERNE', 'Support niveau 3 Problèmes critiques', '2025-01-05', NULL), -- en cours
(11, 'EXTERNE', 'Design UX/UI mobile', '2025-02-10', '2025-04-30'),
(11, 'EXTERNE', 'Développement front-end mobile', '2025-05-01', NULL), -- en cours
(12, 'EXTERNE', 'Audit de performance réseau', '2025-04-10', '2025-06-30'),
(14, 'EXTERNE', 'Déploiement Optimisation Cloud', '2025-07-01', NULL), -- en cours
(18, 'EXTERNE', 'Analyse processus Manufacture X', '2023-11-25', '2024-01-30'),
(20, 'EXTERNE', 'Intégration CMS', '2024-12-01', NULL), -- en cours
(NULL, 'INTERNE', 'Refonte site web ESN', '2023-01-01', '2023-06-30'),
(NULL, 'INTERNE', 'Formation interne aux nouvelles normes ISO', '2023-03-01', '2023-04-15'),
(NULL, 'INTERNE', 'Mise en place outil de gestion des temps', '2023-05-15', '2023-12-31'),
(NULL, 'INTERNE', 'Séminaire Stratégie 2024', '2024-01-10', '2024-01-12'),
(NULL, 'INTERNE', 'Recrutement Massive pour Pôle R&D', '2024-02-01', '2024-06-30'),
(NULL, 'INTERNE', 'Audit Sécurité Interne', '2024-04-01', '2024-05-31'),
(NULL, 'INTERNE', 'Documentation Procédures Qualité', '2024-07-01', '2024-12-31'),
(NULL, 'INTERNE', 'Mise à jour Serveurs EMAIL', '2024-09-01', '2024-11-30'),
(NULL, 'INTERNE', 'Développement outil de suivi commercial', '2025-01-01', NULL), -- en cours
(NULL, 'INTERNE', 'Campagne Marketing Recrutement', '2025-02-01', '2025-04-30'),
(NULL, 'INTERNE', 'Formation MySQL 8 pour développeurs', '2025-03-10', '2025-03-12'),
(NULL, 'INTERNE', 'Amélioration Continue Support', '2025-05-01', NULL), -- en cours
(NULL, 'INTERNE', 'Onboarding Nouveaux Employés Q3 2025', '2025-07-01', '2025-07-31'),
(NULL, 'INTERNE', 'Migration Vers Nouvelle Suite Bureautique', '2025-09-01', NULL), -- en cours
(NULL, 'INTERNE', 'Préparation Certifications Clients', '2025-10-01', NULL), -- en cours
(NULL, 'INTERNE', 'Optimisation des requêtes BD', '2025-01-20', '2025-03-20'),
(NULL, 'INTERNE', 'Atelier sur les IAs génératives', '2025-04-01', '2025-04-05'),
(NULL, 'INTERNE', 'Révision des politiques RH', '2025-06-01', '2025-08-31'),
(NULL, 'INTERNE', 'Veille technologique annuelle', '2025-01-01', '2025-12-31'),
(NULL, 'INTERNE', 'Inventaire Matériel IT', '2025-09-15', '2025-10-15');

-- Livrable

INSERT INTO Livrable (id_mission, numero, description, date_remise) VALUES
(1, 1, 'Spécifications API détaillées V2', '2023-02-15'),
(1, 2, 'Rapport de tests unitaires et intégration', '2023-04-30'),
(1, 3, 'Documentation technique finale du projet', '2023-06-25'),
(1, 4, 'Bilan final du projet', '2023-06-29'),
(2, 1, 'Rapport d’analyse préliminaire des besoins', '2023-04-25'),
(3, 1, 'Architecture back-end validée et documentée', '2023-06-15'),
(3, 2, 'Module de connexion sécurisé terminé', '2023-10-01'),
(3, 3, 'Rapport d’avancement T4 2024', '2024-12-30'),
(3, 4, 'Documentation des API internes', '2025-03-10'),
(4, 1, 'Synthèse des vulnérabilités identifiées', '2023-07-10'),
(5, 1, 'Schéma d’architecture Cloud AWS', '2023-10-15'),
(5, 2, 'Checklist de migration finalisée', '2023-11-25'),
(5, 3, 'Rapport d’état de l’infra post-migration', '2023-12-10'),
(6, 1, 'Rapport de migration des données complet', '2024-03-10'),
(7, 1, 'Synthèse des ateliers stratégiques client', '2024-03-25'),
(8, 1, 'Rapport de qualité des données source', '2024-05-20'),
(8, 2, 'Jeu de données nettoyé V1 livré', '2024-05-30'),
(9, 1, 'Architecture algorithmique détaillée', '2024-08-15'),
(9, 2, 'Première version du modèle de prédiction', '2025-01-30'),
(10, 1, 'Configuration des modules Finance/RH', '2024-10-01'),
(10, 2, 'Tests d’intégration ERP validés', '2024-11-20'),
(10, 3, 'Procédure de test UAT', '2024-07-20'),
(11, 1, 'Matériaux de formation utilisateurs', '2025-01-10'),
(11, 2, 'Rapport de sessions de formation', '2025-05-10'),
(12, 1, 'Dashboard de monitoring V1 fonctionnel', '2024-10-05'),
(13, 1, 'Recommandations d’outillage CI/CD', '2024-12-01'),
(13, 2, 'Pipelines de déploiement implémentés', '2025-03-25'),
(13, 3, 'Rapport de bilan de mission', '2025-03-29'),
(14, 1, 'Rapport de résolution incident 1', '2025-02-01'),
(14, 2, 'Rapport de résolution incident 2', '2025-04-15'),
(14, 3, 'Rapport de résolution incident 3', '2025-09-01'),
(15, 1, 'Wireframes UX et parcours utilisateur', '2025-03-01'),
(16, 1, 'Code source Alpha V1', '2025-07-30'),
(16, 2, 'Rapport d’avancement front-end M1', '2025-08-30'),
(17, 1, 'Rapport d’audit de performance réseau', '2025-06-25'),
(18, 1, 'Plan de déploiement Cloud détaillé', '2025-08-20'),
(19, 1, 'Cartographie des processus actuels', '2023-12-20'),
(19, 2, 'Recommandations d’optimisation', '2024-01-25'),
(20, 1, 'Plan d’intégration CMS', '2025-02-10'),
(20, 2, 'Template de contenu validé', '2025-04-01'),
(20, 3, 'Intégration terminée du module A', '2025-07-01'),
(21, 1, 'Maquette finale site web ESN', '2023-04-30'),
(21, 2, 'Code source V1 en production', '2023-06-20'),
(21, 3, 'Bilan du projet Refonte site', '2023-06-28'),
(22, 1, 'Supports de formation ISO', '2023-03-10'),
(23, 1, 'Cahier des charges Outil GdT', '2023-06-30'),
(23, 2, 'Outil de GdT déployé', '2023-12-20'),
(23, 3, 'Bilan du déploiement Outil GdT', '2023-12-25'),
(24, 1, 'Présentations Séminaire', '2024-01-11'),
(25, 1, 'Bilan des candidatures reçues', '2024-06-25'),
(25, 2, 'Synthèse des entretiens menés', '2024-06-28'),
(26, 1, 'Rapport d’audit de sécurité interne', '2024-05-25'),
(27, 1, 'Manuel de procédures Qualité V1', '2024-12-15'),
(27, 2, 'Mise à jour Manuel Qualité V2', '2025-06-25'),
(28, 1, 'Rapport de mise à jour des serveurs', '2024-11-25'),
(29, 1, 'Spécifications outil commercial', '2025-02-15'),
(29, 2, 'Développement module Prospection V1', '2025-05-28'),
(30, 1, 'Rapport de campagne marketing', '2025-04-25'),
(30, 2, 'Ajustement stratégie marketing', '2025-05-12'),
(31, 1, 'Supports de formation MySQL', '2025-03-11'),
(32, 1, 'Analyse des tickets T2 2025', '2025-06-25'),
(32, 2, 'Plan d’actions Amélioration Support', '2025-07-28'),
(33, 1, 'Kit d’accueil Nouveaux Embauchés', '2025-07-20'),
(34, 1, 'Plan de migration Bureautique', '2025-10-15'),
(35, 1, 'Planification des audits de certification', '2025-10-25'),
(36, 1, 'Rapport d’optimisation des requêtes', '2025-03-10'),
(37, 1, 'Synthèse de l’atelier IA', '2025-04-03'),
(38, 1, 'Proposition de révision des politiques RH', '2025-08-15'),
(39, 1, 'Rapport de veille T1', '2025-03-25'),
(39, 2, 'Rapport de veille T2', '2025-06-25'),
(39, 3, 'Rapport de veille T3', '2025-09-28'),
(40, 1, 'Rapport d’inventaire Matériel', '2025-10-05');

-- Effectuer_mission

INSERT INTO Effectuer_mission (id_employe, id_mission, date_affectation) VALUES
(108, 1, '2023-01-15'), 
(109, 1, '2023-01-20'),
(123, 1, '2023-02-01'),
(110, 2, '2023-03-20'),
(109, 3, '2023-05-01'), 
(121, 3, '2024-10-15'),
(141, 3, '2025-05-10'),
(114, 4, '2023-06-05'),
(111, 5, '2023-09-15'),
(112, 5, '2023-09-20'),
(125, 5, '2023-11-01'),
(113, 6, '2023-12-01'),
(124, 6, '2024-01-01'),
(114, 7, '2024-01-20'),
(110, 8, '2024-03-10'),
(142, 8, '2024-04-01'),
(121, 9, '2024-06-01'),
(142, 9, '2025-06-01'),
(152, 9, '2025-07-01'),
(115, 10, '2024-06-01'),
(146, 10, '2024-10-01'),
(130, 10, '2024-08-01'),
(115, 11, '2024-12-01'),
(130, 11, '2025-01-01'),
(116, 12, '2024-08-05'),
(117, 12, '2024-08-10'),
(136, 12, '2024-11-01'),
(112, 13, '2024-10-20'),
(126, 13, '2024-11-01'),
(144, 13, '2025-01-01'),
(135, 14, '2025-01-05'),
(147, 14, '2025-02-15'),
(157, 14, '2025-04-01'),
(108, 15, '2025-02-10'),
(122, 15, '2025-03-01'),
(122, 16, '2025-05-01'),
(151, 16, '2025-07-01'),
(161, 16, '2025-08-01'),
(111, 17, '2025-04-10'),
(143, 17, '2025-06-15'),
(125, 17, '2025-04-15'),
(126, 18, '2025-07-01'),
(154, 18, '2025-08-10'),
(104, 19, '2023-11-25'),
(114, 19, '2023-12-01'),
(132, 19, '2023-12-01'),
(108, 20, '2024-12-01'),
(122, 20, '2024-12-05'),
(155, 20, '2025-03-01'),
(108, 21, '2023-01-01'),
(109, 21, '2023-01-01'),
(123, 21, '2023-01-10'),
(106, 22, '2023-03-01'),
(118, 22, '2023-03-05'),
(101, 23, '2023-05-15'),
(110, 23, '2023-05-15'),
(102, 23, '2023-05-15'),
(100, 24, '2024-01-10'),
(101, 24, '2024-01-10'),
(107, 24, '2024-01-11'),
(106, 25, '2024-02-01'),
(118, 25, '2024-02-01'),
(137, 25, '2024-03-01'),
(114, 26, '2024-04-01'),
(145, 26, '2024-04-05'),
(104, 27, '2024-07-01'),
(105, 27, '2024-07-01'),
(131, 27, '2024-07-15'),
(113, 28, '2024-09-01'),
(127, 28, '2024-09-05'),
(107, 29, '2025-01-01'),
(119, 29, '2025-01-01'),
(120, 29, '2025-01-05'),
(139, 29, '2025-03-10'),
(107, 30, '2025-02-01'),
(139, 30, '2025-03-10'),
(140, 30, '2025-04-05'),
(102, 31, '2025-03-10'),
(123, 31, '2025-03-10'),
(105, 32, '2025-05-01'),
(116, 32, '2025-05-01'),
(168, 32, '2025-05-10'),
(135, 32, '2025-06-01'),
(106, 33, '2025-07-01'),
(118, 33, '2025-07-01'),
(149, 33, '2025-07-05'),
(103, 34, '2025-09-01'),
(111, 34, '2025-09-01'),
(127, 34, '2025-09-05'),
(104, 35, '2025-10-01'),
(114, 35, '2025-10-01'),
(124, 36, '2025-01-20'),
(123, 36, '2025-01-25'),
(162, 36, '2025-02-10'),
(102, 37, '2025-04-01'),
(110, 37, '2025-04-01'),
(142, 37, '2025-04-02'),
(106, 38, '2025-06-01'),
(138, 38, '2025-08-31'),
(159, 38, '2025-08-31'),
(101, 39, '2025-01-01'),
(102, 39, '2025-01-01'),
(103, 39, '2025-01-01'),
(105, 40, '2025-09-15'),
(134, 40, '2025-09-15'),
(133, 40, '2025-09-20');

-- Rediger

INSERT INTO Rediger (id_employe, id_mission, numero, date_redaction, statut) VALUES
(108, 1, 1, '2023-02-10', 'TERMINE'), 
(109, 1, 2, '2023-04-25', 'TERMINE'),
(123, 1, 3, '2023-06-20', 'TERMINE'),
(108, 1, 4, '2023-06-29', 'TERMINE'),
(110, 2, 1, '2023-04-20', 'TERMINE'),
(109, 3, 1, '2023-06-10', 'TERMINE'), 
(121, 3, 2, '2023-09-25', 'TERMINE'),
(141, 3, 3, '2024-12-25', 'EN_COURS'),
(109, 3, 4, '2025-03-09', 'TERMINE'),
(114, 4, 1, '2023-07-05', 'TERMINE'), 
(111, 5, 1, '2023-10-10', 'TERMINE'), 
(112, 5, 2, '2023-11-20', 'TERMINE'),
(125, 5, 3, '2023-12-08', 'TERMINE'), 
(113, 6, 1, '2024-03-05', 'TERMINE'), 
(124, 6, 1, '2024-03-08', 'TERMINE'),
(114, 7, 1, '2024-03-20', 'TERMINE'), 
(115, 7, 1, '2024-03-24', 'TERMINE'),
(110, 8, 1, '2024-05-15', 'TERMINE'), 
(142, 8, 2, '2024-05-28', 'TERMINE'),
(121, 9, 1, '2024-08-10', 'TERMINE'), 
(142, 9, 2, '2025-01-25', 'EN_COURS'),
(152, 9, 2, '2025-01-28', 'EN_COURS'),
(115, 10, 1, '2024-09-25', 'TERMINE'), 
(146, 10, 2, '2024-11-15', 'TERMINE'),
(130, 10, 3, '2024-07-18', 'TERMINE'),
(115, 11, 1, '2025-01-05', 'TERMINE'), 
(146, 11, 1, '2025-01-08', 'TERMINE'),
(130, 11, 2, '2025-05-08', 'TERMINE'),
(116, 12, 1, '2024-10-01', 'TERMINE'), 
(117, 12, 1, '2024-10-04', 'TERMINE'),
(112, 13, 1, '2024-11-25', 'TERMINE'), 
(126, 13, 2, '2025-03-20', 'TERMINE'),
(135, 14, 1, '2025-01-30', 'TERMINE'), 
(147, 14, 2, '2025-04-10', 'EN_COURS'),
(135, 14, 2, '2025-04-12', 'EN_COURS'),
(108, 15, 1, '2025-02-25', 'TERMINE'), 
(122, 16, 1, '2025-07-25', 'EN_COURS'),
(151, 16, 2, '2025-08-25', 'EN_COURS'),
(161, 16, 1, '2025-07-28', 'EN_COURS'),
(111, 17, 1, '2025-06-20', 'EN_COURS'), 
(143, 17, 1, '2025-06-24', 'EN_COURS'),
(125, 17, 1, '2025-06-21', 'EN_COURS'),
(126, 18, 1, '2025-08-25', 'EN_COURS'),
(104, 19, 1, '2023-12-18', 'TERMINE'),
(114, 19, 2, '2024-01-20', 'TERMINE'),
(132, 19, 1, '2023-12-15', 'TERMINE'),
(108, 20, 1, '2025-02-05', 'TERMINE'), 
(122, 20, 2, '2025-03-28', 'TERMINE'),
(155, 20, 2, '2025-03-30', 'TERMINE'),
(108, 20, 3, '2025-06-30', 'EN_COURS'),
(108, 21, 1, '2023-04-20', 'TERMINE'),
(109, 21, 2, '2023-06-15', 'TERMINE'),
(123, 21, 3, '2023-06-27', 'TERMINE'),
(106, 22, 1, '2023-03-05', 'TERMINE'),
(110, 23, 1, '2023-06-25', 'TERMINE'),
(102, 23, 2, '2023-12-15', 'TERMINE'),
(102, 23, 3, '2023-12-23', 'TERMINE'),
(101, 24, 1, '2024-01-11', 'TERMINE'),
(118, 25, 1, '2024-06-20', 'TERMINE'),
(106, 25, 1, '2024-06-24', 'TERMINE'),
(137, 25, 2, '2024-06-27', 'TERMINE'),
(114, 26, 1, '2024-05-20', 'TERMINE'),
(145, 26, 1, '2024-05-25', 'TERMINE'),
(104, 27, 1, '2024-12-10', 'TERMINE'),
(105, 27, 1, '2024-12-14', 'TERMINE'),
(105, 27, 2, '2025-06-25', 'EN_COURS'),
(113, 28, 1, '2024-11-20', 'TERMINE'),
(119, 29, 1, '2025-02-10', 'TERMINE'),
(120, 29, 2, '2025-05-28', 'EN_COURS'),
(107, 29, 2, '2025-05-30', 'EN_COURS'),
(139, 30, 1, '2025-04-20', 'TERMINE'),
(140, 30, 2, '2025-05-12', 'EN_COURS'),
(139, 30, 2, '2025-05-14', 'EN_COURS'),
(123, 31, 1, '2025-03-11', 'TERMINE'),
(105, 32, 1, '2025-06-25', 'EN_COURS'),
(116, 32, 2, '2025-07-28', 'EN_COURS'),
(118, 33, 1, '2025-07-20', 'EN_COURS'),
(103, 34, 1, '2025-10-10', 'EN_COURS'),
(114, 35, 1, '2025-10-25', 'EN_COURS'),
(124, 36, 1, '2025-03-10', 'TERMINE'),
(123, 36, 1, '2025-03-12', 'TERMINE'),
(110, 37, 1, '2025-04-03', 'TERMINE'),
(142, 37, 1, '2025-04-04', 'TERMINE'),
(138, 38, 1, '2025-08-15', 'EN_COURS'),
(138, 38, 1, '2025-08-18', 'EN_COURS'),
(102, 39, 1, '2025-03-25', 'TERMINE'),
(103, 39, 2, '2025-06-25', 'TERMINE'),
(101, 39, 3, '2025-09-28', 'EN_COURS'),
(134, 40, 1, '2025-10-05', 'EN_COURS'),
(105, 40, 1, '2025-10-08', 'EN_COURS');

-- Echanger

INSERT INTO Echanger (id_employe, id_client, date_echange, type_echange) VALUES
(107, 1, '2023-01-05', 'TELEPHONE'),
(119, 2, '2023-03-01', 'EMAIL'),
(104, 3, '2023-05-20', 'EN_PERSONNE'),
(120, 4, '2023-08-15', 'EMAIL'),
(107, 5, '2024-01-05', 'TELEPHONE'),
(119, 6, '2024-02-28', 'TELEPHONE'),
(120, 7, '2024-04-01', 'EMAIL'),
(139, 8, '2024-07-20', 'TELEPHONE'),
(140, 9, '2024-09-10', 'EMAIL'),
(150, 10, '2024-12-01', 'EN_PERSONNE'),
(107, 11, '2023-11-01', 'TELEPHONE'),
(119, 12, '2024-05-15', 'EMAIL'),
(120, 13, '2024-11-15', 'TELEPHONE'),
(139, 14, '2025-01-10', 'TELEPHONE'),
(140, 15, '2025-03-05', 'EMAIL'),
(150, 1, '2025-02-05', 'TELEPHONE'),
(107, 2, '2025-03-20', 'EMAIL'),
(119, 3, '2025-05-01', 'TELEPHONE'),
(120, 4, '2025-06-25', 'TELEPHONE'),
(139, 5, '2025-07-15', 'EMAIL'),
(140, 6, '2025-08-20', 'EN_PERSONNE'),
(150, 7, '2025-09-25', 'TELEPHONE'),
(107, 8, '2024-11-15', 'EMAIL'),
(119, 9, '2025-02-01', 'TELEPHONE'),
(120, 10, '2025-02-20', 'TELEPHONE'),
(139, 11, '2024-01-20', 'EMAIL'),
(140, 12, '2024-10-01', 'TELEPHONE'),
(150, 13, '2025-01-20', 'EN_PERSONNE'),
(107, 14, '2025-04-10', 'EMAIL'),
(119, 15, '2025-09-01', 'TELEPHONE'),
(120, 1, '2024-01-05', 'TELEPHONE'),
(139, 2, '2024-05-01', 'EMAIL'),
(140, 11, '2024-01-10', 'TELEPHONE'),
(150, 12, '2024-11-01', 'TELEPHONE'),
(107, 13, '2025-04-15', 'EMAIL'),
(119, 1, '2023-02-01', 'EMAIL'),
(120, 2, '2023-04-05', 'EN_PERSONNE'),
(139, 3, '2023-07-01', 'TELEPHONE'),
(140, 4, '2023-09-05', 'TELEPHONE'),
(150, 5, '2024-01-25', 'EMAIL'),
(107, 6, '2024-05-10', 'TELEPHONE'),
(119, 7, '2024-06-10', 'EN_PERSONNE'),
(120, 8, '2024-09-01', 'EMAIL'),
(139, 9, '2024-11-05', 'TELEPHONE'),
(140, 10, '2025-01-20', 'EMAIL'),
(150, 1, '2025-03-01', 'TELEPHONE'),
(107, 2, '2025-05-01', 'TELEPHONE'),
(119, 3, '2025-06-01', 'EMAIL'),
(120, 4, '2025-07-20', 'EN_PERSONNE'),
(139, 5, '2025-08-15', 'TELEPHONE'),
(140, 6, '2025-09-05', 'EMAIL'),
(150, 7, '2025-10-10', 'TELEPHONE'),
(107, 8, '2024-11-01', 'TELEPHONE'),
(119, 9, '2025-02-15', 'EMAIL'),
(120, 10, '2025-04-01', 'TELEPHONE'),
(139, 11, '2025-05-15', 'EMAIL'),
(140, 12, '2025-06-10', 'EN_PERSONNE'),
(150, 13, '2025-07-15', 'TELEPHONE'),
(107, 14, '2025-08-10', 'EMAIL'),
(119, 15, '2025-09-15', 'TELEPHONE');